num_epochs,learning rate,loss,accuracy_top-1,accuracy_top-5
8,0.001,0.56922,76.32,98.43
8,0.0001,0.16457,84.38,99.41
12,0.0001,0.08344,84.43,99.05
